ERBB2	EGFR	MET
CRC0050	FALSE	FALSE	FALSE
CRC0051	FALSE	FALSE	FALSE
CRC0052	FALSE	FALSE	FALSE
CRC0053	FALSE	FALSE	FALSE
CRC0014	FALSE	FALSE	FALSE
CRC0054	FALSE	FALSE	FALSE
CRC0055	FALSE	FALSE	FALSE
CRC0015	FALSE	FALSE	FALSE
CRC0017	FALSE	FALSE	FALSE
CRC0018	FALSE	FALSE	FALSE
CRC0020	FALSE	FALSE	FALSE
CRC0056	FALSE	FALSE	FALSE
CRC0057	FALSE	FALSE	FALSE
CRC0242	FALSE	FALSE	FALSE
CRC0058	FALSE	FALSE	FALSE
CRC0059	FALSE	FALSE	FALSE
CRC0060	FALSE	FALSE	FALSE
CRC0061	FALSE	FALSE	FALSE
CRC0062	FALSE	FALSE	FALSE
CRC0063	FALSE	FALSE	FALSE
CRC0022	FALSE	FALSE	FALSE
CRC0023	FALSE	FALSE	FALSE
CRC0024	FALSE	FALSE	FALSE
CRC0025	FALSE	FALSE	FALSE
CRC0064	FALSE	FALSE	FALSE
CRC0065	FALSE	FALSE	FALSE
CRC0243	FALSE	FALSE	FALSE
CRC0066	FALSE	FALSE	FALSE
CRC0067	FALSE	FALSE	FALSE
CRC0068	FALSE	FALSE	FALSE
CRC0069	FALSE	FALSE	FALSE
CRC0070	FALSE	FALSE	FALSE
CRC0244	FALSE	FALSE	FALSE
CRC0071	FALSE	FALSE	FALSE
CRC0028	FALSE	FALSE	FALSE
CRC0027	FALSE	FALSE	FALSE
CRC0021	FALSE	FALSE	FALSE
CRC0029	FALSE	FALSE	FALSE
CRC0106	FALSE	FALSE	FALSE
CRC0030	FALSE	FALSE	FALSE
CRC0072	FALSE	FALSE	FALSE
CRC0031	FALSE	FALSE	FALSE
CRC0094	FALSE	FALSE	FALSE
CRC0095	FALSE	FALSE	FALSE
CRC0096	FALSE	FALSE	FALSE
CRC0076	FALSE	FALSE	FALSE
CRC0077	FALSE	FALSE	FALSE
CRC0019	FALSE	FALSE	FALSE
CRC0078	FALSE	FALSE	FALSE
CRC0079	FALSE	FALSE	FALSE
CRC0080	TRUE	FALSE	FALSE
CRC0081	FALSE	FALSE	FALSE
CRC0032	FALSE	FALSE	FALSE
CRC0082	FALSE	FALSE	FALSE
CRC0083	FALSE	FALSE	FALSE
CRC0085	FALSE	FALSE	FALSE
CRC0084	FALSE	FALSE	FALSE
CRC0073	FALSE	FALSE	FALSE
CRC0108	FALSE	FALSE	FALSE
CRC0086	FALSE	FALSE	FALSE
CRC0097	FALSE	FALSE	FALSE
CRC0098	FALSE	TRUE	FALSE
CRC0099	FALSE	FALSE	FALSE
CRC0100	FALSE	FALSE	FALSE
CRC0246	FALSE	FALSE	FALSE
CRC0101	FALSE	FALSE	FALSE
CRC0102	FALSE	FALSE	FALSE
CRC0103	FALSE	FALSE	FALSE
CRC0104	FALSE	FALSE	FALSE
CRC0105	FALSE	FALSE	FALSE
CRC0109	FALSE	FALSE	FALSE
CRC0110	FALSE	FALSE	FALSE
CRC0111	FALSE	FALSE	FALSE
CRC0112	TRUE	FALSE	FALSE
CRC0113	FALSE	FALSE	FALSE
CRC0362	FALSE	FALSE	FALSE
CRC0114	FALSE	FALSE	FALSE
CRC0115	FALSE	FALSE	FALSE
CRC0248	FALSE	FALSE	FALSE
CRC0116	FALSE	FALSE	FALSE
CRC0117	FALSE	FALSE	FALSE
CRC0118	FALSE	FALSE	FALSE
CRC0119	FALSE	FALSE	FALSE
CRC0120	FALSE	FALSE	FALSE
CRC0121	FALSE	FALSE	FALSE
CRC0122	FALSE	FALSE	FALSE
CRC0123	FALSE	FALSE	FALSE
CRC0124	TRUE	FALSE	FALSE
CRC0125	FALSE	FALSE	FALSE
CRC0136	FALSE	FALSE	FALSE
CRC0253	FALSE	FALSE	FALSE
CRC0137	FALSE	FALSE	FALSE
CRC0138	FALSE	FALSE	FALSE
CRC0139	FALSE	FALSE	FALSE
CRC0140	FALSE	FALSE	FALSE
CRC0126	FALSE	FALSE	FALSE
CRC0127	FALSE	FALSE	FALSE
CRC0128	FALSE	FALSE	FALSE
CRC0129	FALSE	FALSE	FALSE
CRC0130	FALSE	FALSE	FALSE
CRC0131	FALSE	FALSE	FALSE
CRC0132	FALSE	FALSE	FALSE
CRC0133	FALSE	FALSE	FALSE
CRC0134	FALSE	FALSE	FALSE
CRC0135	FALSE	FALSE	FALSE
CRC0141	FALSE	FALSE	FALSE
CRC0142	FALSE	FALSE	FALSE
CRC0143	FALSE	FALSE	FALSE
CRC0144	FALSE	FALSE	FALSE
CRC0145	FALSE	FALSE	FALSE
CRC0146	FALSE	FALSE	FALSE
CRC0147	FALSE	FALSE	FALSE
CRC0148	FALSE	FALSE	FALSE
CRC0149	FALSE	FALSE	FALSE
CRC0150	FALSE	FALSE	FALSE
CRC0151	FALSE	FALSE	FALSE
CRC0152	FALSE	FALSE	FALSE
CRC0153	FALSE	FALSE	FALSE
CRC0154	FALSE	FALSE	FALSE
CRC0155	FALSE	FALSE	FALSE
CRC0156	FALSE	FALSE	FALSE
CRC0157	FALSE	FALSE	FALSE
CRC0158	FALSE	FALSE	FALSE
CRC0159	FALSE	FALSE	FALSE
CRC0160	FALSE	FALSE	FALSE
CRC0161	FALSE	FALSE	FALSE
CRC0162	FALSE	FALSE	FALSE
CRC0163	FALSE	FALSE	FALSE
CRC0164	FALSE	FALSE	FALSE
CRC0165	FALSE	FALSE	FALSE
CRC0166	FALSE	FALSE	FALSE
CRC0167	FALSE	FALSE	FALSE
CRC0168	FALSE	FALSE	FALSE
CRC0169	FALSE	FALSE	FALSE
CRC0170	FALSE	FALSE	FALSE
CRC0171	FALSE	FALSE	FALSE
CRC0173	FALSE	FALSE	FALSE
CRC0174	FALSE	FALSE	FALSE
CRC0175	FALSE	FALSE	FALSE
CRC0176	TRUE	FALSE	FALSE
CRC0177	FALSE	FALSE	FALSE
CRC0178	FALSE	FALSE	FALSE
CRC0179	FALSE	FALSE	FALSE
CRC0180	FALSE	FALSE	FALSE
CRC0181	FALSE	FALSE	FALSE
CRC0184	FALSE	FALSE	FALSE
CRC0185	FALSE	FALSE	FALSE
CRC0186	TRUE	FALSE	FALSE
CRC0187	FALSE	FALSE	FALSE
CRC0188	FALSE	FALSE	FALSE
CRC0189	FALSE	FALSE	FALSE
CRC0190	FALSE	FALSE	FALSE
CRC0195	FALSE	FALSE	FALSE
CRC0196	FALSE	FALSE	TRUE
CRC0197	FALSE	FALSE	FALSE
CRC0198	FALSE	FALSE	FALSE
CRC0199	FALSE	FALSE	FALSE
CRC0200	FALSE	FALSE	FALSE
CRC0202	FALSE	FALSE	FALSE
CRC0203	FALSE	FALSE	FALSE
CRC0204	FALSE	FALSE	FALSE
CRC0206	FALSE	FALSE	FALSE
CRC0207	FALSE	FALSE	FALSE
CRC0210	FALSE	FALSE	FALSE
CRC0214	FALSE	FALSE	FALSE
CRC0215	FALSE	FALSE	FALSE
CRC0216	FALSE	FALSE	FALSE
CRC0217	FALSE	FALSE	FALSE
CRC0218	FALSE	FALSE	FALSE
CRC0219	FALSE	FALSE	FALSE
CRC0221	FALSE	FALSE	FALSE
CRC0222	FALSE	FALSE	FALSE
CRC0223	FALSE	FALSE	FALSE
CRC0224	FALSE	FALSE	FALSE
CRC0226	FALSE	FALSE	FALSE
CRC0227	FALSE	FALSE	FALSE
CRC0228	FALSE	FALSE	FALSE
CRC0229	FALSE	FALSE	FALSE
CRC0231	FALSE	FALSE	FALSE
CRC0232	FALSE	FALSE	FALSE
CRC0233	FALSE	FALSE	FALSE
CRC0234	FALSE	FALSE	FALSE
CRC0235	FALSE	FALSE	FALSE
CRC0237	FALSE	FALSE	FALSE
CRC0238	FALSE	FALSE	FALSE
CRC0239	FALSE	FALSE	FALSE
CRC0240	FALSE	FALSE	FALSE
CRC0254	FALSE	FALSE	FALSE
CRC0256	FALSE	FALSE	FALSE
CRC0257	FALSE	FALSE	FALSE
CRC0259	FALSE	FALSE	FALSE
CRC0261	FALSE	FALSE	FALSE
CRC0262	FALSE	FALSE	FALSE
CRC0263	FALSE	FALSE	FALSE
CRC0264	FALSE	FALSE	FALSE
CRC0265	FALSE	FALSE	FALSE
CRC0267	FALSE	FALSE	FALSE
CRC0268	FALSE	FALSE	FALSE
CRC0269	FALSE	FALSE	FALSE
CRC0272	FALSE	FALSE	FALSE
CRC0274	FALSE	FALSE	FALSE
CRC0276	FALSE	FALSE	FALSE
CRC0277	FALSE	FALSE	FALSE
CRC0281	FALSE	FALSE	FALSE
CRC0282	FALSE	FALSE	FALSE
CRC0284	FALSE	FALSE	FALSE
CRC0285	FALSE	FALSE	FALSE
CRC0287	FALSE	FALSE	FALSE
CRC0288	FALSE	FALSE	FALSE
CRC0290	FALSE	FALSE	FALSE
CRC0291	FALSE	FALSE	FALSE
CRC0292	FALSE	FALSE	FALSE
CRC0296	FALSE	FALSE	FALSE
CRC0297	FALSE	FALSE	FALSE
CRC0303	FALSE	FALSE	FALSE
CRC0305	FALSE	FALSE	FALSE
CRC0306	FALSE	FALSE	FALSE
CRC0307	FALSE	FALSE	FALSE
CRC0309	FALSE	FALSE	FALSE
CRC0310	FALSE	FALSE	FALSE
CRC0311	FALSE	FALSE	FALSE
CRC0312	FALSE	FALSE	FALSE
CRC0313	FALSE	FALSE	FALSE
CRC0314	FALSE	FALSE	FALSE
CRC0315	FALSE	FALSE	FALSE
CRC0317	FALSE	FALSE	FALSE
CRC0318	FALSE	FALSE	FALSE
CRC0320	FALSE	FALSE	FALSE
CRC0321	FALSE	FALSE	FALSE
CRC0322	FALSE	FALSE	FALSE
CRC0323	FALSE	FALSE	FALSE
CRC0324	FALSE	FALSE	FALSE
CRC0327	FALSE	FALSE	FALSE
CRC0328	FALSE	FALSE	FALSE
CRC0329	FALSE	FALSE	FALSE
CRC0330	FALSE	FALSE	FALSE
CRC0331	FALSE	FALSE	FALSE
CRC0332	FALSE	FALSE	FALSE
CRC0333	FALSE	FALSE	FALSE
CRC0334	FALSE	FALSE	FALSE
CRC0336	FALSE	FALSE	FALSE
CRC0337	FALSE	FALSE	FALSE
CRC0340	FALSE	FALSE	FALSE
CRC0342	FALSE	FALSE	FALSE
CRC0343	FALSE	FALSE	FALSE
CRC0344	FALSE	FALSE	FALSE
CRC0345	FALSE	FALSE	FALSE
CRC0348	FALSE	FALSE	FALSE
CRC0349	FALSE	FALSE	FALSE
CRC0354	FALSE	FALSE	FALSE
CRC0355	FALSE	FALSE	FALSE
CRC0356	FALSE	FALSE	FALSE
CRC0357	FALSE	FALSE	FALSE
CRC0358	FALSE	FALSE	FALSE
CRC0360	FALSE	FALSE	FALSE
CRC0361	FALSE	FALSE	FALSE
CRC0366	FALSE	FALSE	FALSE
CRC0367	FALSE	FALSE	FALSE
CRC0368	FALSE	FALSE	FALSE
CRC0370	FALSE	FALSE	FALSE
CRC0371	FALSE	FALSE	FALSE
CRC0372	FALSE	FALSE	FALSE
CRC0373	FALSE	FALSE	FALSE
CRC0374	FALSE	FALSE	FALSE
CRC0375	FALSE	FALSE	FALSE
CRC0376	FALSE	FALSE	FALSE
CRC0377	FALSE	FALSE	FALSE
CRC0378	FALSE	FALSE	FALSE
CRC0379	FALSE	FALSE	FALSE
CRC0380	FALSE	FALSE	FALSE
CRC0382	FALSE	FALSE	FALSE
CRC0383	FALSE	FALSE	FALSE
CRC0385	FALSE	FALSE	FALSE
CRC0387	FALSE	FALSE	FALSE
CRC0397	FALSE	FALSE	FALSE
CRC0391	FALSE	FALSE	FALSE
CRC0392	FALSE	FALSE	FALSE
CRC0394	FALSE	FALSE	FALSE
CRC0396	FALSE	FALSE	FALSE
CRC0399	FALSE	FALSE	FALSE
CRC0400	FALSE	FALSE	FALSE
CRC0402	FALSE	FALSE	FALSE
CRC0403	FALSE	FALSE	FALSE
CRC0404	FALSE	FALSE	FALSE
CRC0406	FALSE	FALSE	FALSE
CRC0410	FALSE	FALSE	FALSE
CRC0413	FALSE	FALSE	FALSE
CRC0414	FALSE	FALSE	FALSE
CRC0415	FALSE	FALSE	FALSE
CRC0416	FALSE	FALSE	FALSE
CRC0417	FALSE	FALSE	FALSE
CRC0418	FALSE	FALSE	FALSE
CRC0419	FALSE	FALSE	FALSE
CRC0420	FALSE	FALSE	FALSE
CRC0422	FALSE	FALSE	FALSE
CRC0425	FALSE	FALSE	FALSE
CRC0426	FALSE	FALSE	FALSE
CRC0427	FALSE	FALSE	FALSE
CRC0429	FALSE	FALSE	FALSE
CRC0431	FALSE	FALSE	FALSE
CRC0435	FALSE	FALSE	FALSE
CRC0437	FALSE	FALSE	FALSE
CRC0438	FALSE	FALSE	FALSE
CRC0440	FALSE	FALSE	FALSE
CRC0441	FALSE	FALSE	FALSE
CRC0442	FALSE	FALSE	FALSE
CRC0447	FALSE	FALSE	FALSE
CRC0449	FALSE	FALSE	FALSE
CRC0450	FALSE	FALSE	FALSE
CRC0451	FALSE	FALSE	FALSE
CRC0452	FALSE	FALSE	FALSE
CRC0454	FALSE	FALSE	FALSE
CRC0455	FALSE	FALSE	FALSE
CRC0456	FALSE	FALSE	FALSE
CRC0457	FALSE	FALSE	FALSE
CRC0458	FALSE	FALSE	FALSE
CRC0461	FALSE	FALSE	FALSE
CRC0464	FALSE	FALSE	FALSE
CRC0465	FALSE	FALSE	FALSE
CRC0467	FALSE	FALSE	FALSE
CRC0468	FALSE	FALSE	FALSE
CRC0471	FALSE	FALSE	FALSE
CRC0475	FALSE	FALSE	FALSE
CRC0477	FALSE	FALSE	FALSE
CRC0478	FALSE	FALSE	FALSE
CRC0479	FALSE	FALSE	FALSE
CRC0480	FALSE	FALSE	FALSE
CRC0481	FALSE	FALSE	FALSE
CRC0482	FALSE	FALSE	FALSE
CRC0483	FALSE	FALSE	FALSE
CRC0484	FALSE	FALSE	FALSE
CRC0486	FALSE	FALSE	FALSE
CRC0487	FALSE	FALSE	FALSE
CRC0488	FALSE	FALSE	FALSE
CRC0490	FALSE	FALSE	FALSE
CRC0492	FALSE	FALSE	FALSE
CRC0493	FALSE	FALSE	FALSE
CRC0494	FALSE	FALSE	FALSE
CRC0495	FALSE	FALSE	FALSE
CRC0496	FALSE	FALSE	FALSE
CRC0497	FALSE	FALSE	FALSE
CRC0498	FALSE	FALSE	FALSE
CRC0499	FALSE	FALSE	FALSE
CRC0502	FALSE	FALSE	FALSE
CRC0503	FALSE	FALSE	FALSE
CRC0504	FALSE	FALSE	FALSE
CRC0505	FALSE	FALSE	FALSE
CRC0507	FALSE	FALSE	FALSE
CRC0508	FALSE	FALSE	TRUE
CRC0512	FALSE	FALSE	FALSE
CRC0513	FALSE	FALSE	FALSE
CRC0515	FALSE	FALSE	FALSE
CRC0516	FALSE	FALSE	FALSE
CRC0517	FALSE	FALSE	FALSE
CRC0518	FALSE	FALSE	FALSE
CRC0520	FALSE	FALSE	FALSE
CRC0521	FALSE	FALSE	FALSE
CRC0525	FALSE	FALSE	FALSE
CRC0526	FALSE	FALSE	FALSE
CRC0527	FALSE	FALSE	FALSE
CRC0528	FALSE	FALSE	FALSE
CRC0529	FALSE	FALSE	FALSE
CRC0530	FALSE	FALSE	FALSE
CRC0534	FALSE	FALSE	FALSE
CRC0535	FALSE	FALSE	FALSE
CRC0536	FALSE	FALSE	FALSE
CRC0537	FALSE	FALSE	FALSE
CRC0538	FALSE	FALSE	FALSE
CRC0539	FALSE	FALSE	FALSE
CRC0540	FALSE	FALSE	FALSE
CRC0542	FALSE	FALSE	FALSE
CRC0544	FALSE	FALSE	FALSE
CRC0549	FALSE	FALSE	FALSE
CRC0551	FALSE	FALSE	FALSE
CRC0552	FALSE	FALSE	FALSE
CRC0554	FALSE	FALSE	FALSE
CRC0555	FALSE	FALSE	FALSE
CRC0556	FALSE	FALSE	FALSE
CRC0557	FALSE	FALSE	FALSE
CRC0558	FALSE	FALSE	FALSE
CRC0559	FALSE	FALSE	FALSE
CRC0560	FALSE	FALSE	FALSE
CRC0561	FALSE	FALSE	FALSE
CRC0568	FALSE	FALSE	FALSE
CRC0569	FALSE	FALSE	FALSE
CRC0570	FALSE	FALSE	FALSE
CRC0572	FALSE	FALSE	FALSE
CRC0574	FALSE	FALSE	FALSE
CRC0576	FALSE	FALSE	FALSE
CRC0578	FALSE	FALSE	FALSE
CRC0579	FALSE	FALSE	FALSE
CRC0580	FALSE	FALSE	FALSE
CRC0581	FALSE	FALSE	FALSE
CRC0591	FALSE	FALSE	FALSE
CRC0593	FALSE	FALSE	FALSE
CRC0594	FALSE	FALSE	FALSE
CRC0597	FALSE	FALSE	FALSE
CRC0598	FALSE	FALSE	FALSE
CRC0600	FALSE	FALSE	FALSE
CRC0602	FALSE	FALSE	FALSE
CRC0604	FALSE	FALSE	FALSE
CRC0607	FALSE	FALSE	FALSE
CRC0609	FALSE	FALSE	FALSE
CRC0610	FALSE	FALSE	FALSE
CRC0616	FALSE	FALSE	FALSE
CRC0618	FALSE	FALSE	FALSE
CRC0619	FALSE	FALSE	FALSE
CRC0620	FALSE	FALSE	FALSE
CRC0624	FALSE	FALSE	FALSE
CRC0625	FALSE	FALSE	FALSE
CRC0626	FALSE	FALSE	FALSE
CRC0627	FALSE	FALSE	FALSE
CRC0670	FALSE	FALSE	FALSE
CRC0680	FALSE	FALSE	FALSE
CRC0687	FALSE	FALSE	FALSE
CRC0691	FALSE	FALSE	FALSE
CRC0692	FALSE	FALSE	FALSE
CRC0705	FALSE	FALSE	FALSE
CRC0706	FALSE	FALSE	FALSE
CRC0708	FALSE	FALSE	FALSE
CRC0714	FALSE	FALSE	FALSE
CRC0716	FALSE	FALSE	FALSE
CRC0717	FALSE	FALSE	FALSE
CRC0718	FALSE	FALSE	FALSE
CRC0719	FALSE	FALSE	FALSE
CRC0721	FALSE	FALSE	FALSE
CRC0729	FALSE	FALSE	FALSE
CRC0730	FALSE	FALSE	FALSE
CRC0731	FALSE	FALSE	FALSE
CRC0734	FALSE	FALSE	FALSE
CRC0735	FALSE	FALSE	FALSE
CRC0736	FALSE	FALSE	FALSE
CRC0740	FALSE	FALSE	FALSE
CRC0741	FALSE	FALSE	FALSE
CRC0743	FALSE	FALSE	FALSE
CRC0745	FALSE	FALSE	FALSE
CRC0748	FALSE	FALSE	FALSE
CRC0753	FALSE	FALSE	FALSE
CRC0771	FALSE	FALSE	FALSE
CRC0772	FALSE	FALSE	FALSE
CRC0773	FALSE	FALSE	FALSE
CRC0778	FALSE	FALSE	FALSE
CRC0781	FALSE	FALSE	FALSE
CRC0783	FALSE	FALSE	FALSE
CRC1063	FALSE	FALSE	FALSE
CRC1064	FALSE	FALSE	FALSE
CRC1065	FALSE	FALSE	FALSE
CRC1067	FALSE	FALSE	FALSE
CRC1070	FALSE	FALSE	FALSE
CRC1071	FALSE	FALSE	FALSE
CRC1072	FALSE	FALSE	FALSE
CRC1075	FALSE	FALSE	FALSE
CRC1078	FALSE	FALSE	FALSE
CRC1082	FALSE	FALSE	FALSE
CRC1083	FALSE	FALSE	FALSE
CRC1084	FALSE	FALSE	FALSE
CRC1090	FALSE	FALSE	FALSE
CRC1134	FALSE	FALSE	FALSE
CRC1137	FALSE	FALSE	FALSE
CRC1138	FALSE	FALSE	FALSE
CRC1139	FALSE	FALSE	FALSE
CRC1142	FALSE	FALSE	FALSE
CRC1144	FALSE	FALSE	FALSE
CRC1145	FALSE	FALSE	FALSE
CRC1146	FALSE	FALSE	FALSE
CRC1147	FALSE	FALSE	FALSE
CRC1155	FALSE	FALSE	FALSE
CRC1157	FALSE	FALSE	FALSE
CRC1161	FALSE	FALSE	FALSE
CRC1162	FALSE	FALSE	FALSE
CRC1164	FALSE	FALSE	FALSE
CRC1165	FALSE	FALSE	FALSE
CRC1166	FALSE	FALSE	FALSE
CRC1168	FALSE	FALSE	FALSE
CRC1169	FALSE	FALSE	TRUE
CRC1170	FALSE	FALSE	FALSE
CRC1171	FALSE	FALSE	FALSE
CRC1174	FALSE	FALSE	FALSE
CRC1175	FALSE	FALSE	FALSE
CRC1176	FALSE	FALSE	FALSE
CRC1179	FALSE	FALSE	FALSE
CRC1180	FALSE	FALSE	FALSE
CRC1181	FALSE	FALSE	FALSE
CRC1182	FALSE	FALSE	FALSE
CRC1185	TRUE	FALSE	FALSE
CRC1188	FALSE	FALSE	FALSE
CRC1190	FALSE	FALSE	FALSE
CRC1194	FALSE	FALSE	FALSE
CRC1197	FALSE	FALSE	FALSE
CRC1198	FALSE	FALSE	FALSE
CRC1200	FALSE	FALSE	FALSE
CRC1201	FALSE	FALSE	FALSE
CRC1234	FALSE	FALSE	FALSE
CRC1237	FALSE	FALSE	FALSE
CRC1239	FALSE	FALSE	FALSE
CRC1240	FALSE	FALSE	FALSE
CRC1241	FALSE	FALSE	FALSE
CRC1242	FALSE	FALSE	FALSE
CRC1245	FALSE	FALSE	FALSE
CRC1246	FALSE	FALSE	FALSE
CRC1247	FALSE	FALSE	FALSE
CRC1249	FALSE	FALSE	FALSE
CRC1251	FALSE	FALSE	FALSE
CRC1252	FALSE	FALSE	FALSE
CRC1257	FALSE	FALSE	FALSE
CRC1261	FALSE	FALSE	FALSE
CRC1262	FALSE	FALSE	FALSE
CRC1263	FALSE	FALSE	FALSE
CRC1264	FALSE	FALSE	FALSE
CRC1266	FALSE	FALSE	FALSE
CRC1272	FALSE	FALSE	FALSE
CRC1273	FALSE	FALSE	FALSE
CRC1275	FALSE	FALSE	FALSE
CRC1277	FALSE	FALSE	FALSE
CRC1278	FALSE	FALSE	FALSE
CRC1279	FALSE	FALSE	FALSE
CRC1280	FALSE	FALSE	FALSE
CRC1281	FALSE	FALSE	FALSE
CRC1288	FALSE	FALSE	FALSE
CRC1303	FALSE	FALSE	FALSE
CRC1304	FALSE	FALSE	FALSE
CRC1306	FALSE	FALSE	FALSE
CRC1307	FALSE	FALSE	FALSE
CRC1308	FALSE	FALSE	FALSE
CRC1309	FALSE	FALSE	FALSE
CRC1313	FALSE	FALSE	FALSE
CRC1314	FALSE	FALSE	FALSE
CRC1317	FALSE	FALSE	FALSE
CRC1318	FALSE	FALSE	FALSE
CRC1319	FALSE	FALSE	FALSE
CRC1320	FALSE	FALSE	FALSE
CRC1321	FALSE	FALSE	FALSE
CRC1325	FALSE	FALSE	FALSE
CRC1326	FALSE	FALSE	FALSE
CRC1329	FALSE	FALSE	FALSE
CRC1331	FALSE	FALSE	FALSE
CRC1334	FALSE	FALSE	FALSE
CRC1336	FALSE	FALSE	FALSE
CRC1337	FALSE	FALSE	FALSE
CRC1340	FALSE	FALSE	FALSE
CRC1342	FALSE	FALSE	FALSE
CRC1343	FALSE	FALSE	FALSE
CRC1344	FALSE	FALSE	FALSE
CRC1350	FALSE	FALSE	FALSE
CRC1353	FALSE	FALSE	FALSE
CRC1354	FALSE	FALSE	FALSE
CRC1355	FALSE	FALSE	FALSE
CRC1356	FALSE	FALSE	FALSE
CRC1357	FALSE	FALSE	FALSE
CRC1359	FALSE	FALSE	FALSE
CRC1360	FALSE	FALSE	FALSE
CRC1367	FALSE	FALSE	FALSE
CRC1368	FALSE	FALSE	FALSE
CRC1369	FALSE	FALSE	FALSE
CRC1370	FALSE	FALSE	FALSE
CRC1372	FALSE	FALSE	FALSE
CRC1374	FALSE	FALSE	FALSE
CRC1375	FALSE	FALSE	FALSE
CRC1376	FALSE	FALSE	FALSE
CRC1378	FALSE	FALSE	FALSE
CRC1379	TRUE	FALSE	FALSE
CRC1381	FALSE	FALSE	FALSE
CRC1382	FALSE	FALSE	FALSE
CRC1387	FALSE	FALSE	FALSE
CRC1389	FALSE	FALSE	FALSE
CRC1390	FALSE	FALSE	FALSE
CRC1391	FALSE	FALSE	FALSE
CRC1397	FALSE	FALSE	FALSE
CRC1399	FALSE	FALSE	FALSE
CRC1403	FALSE	FALSE	FALSE
CRC1408	FALSE	FALSE	FALSE
CRC1409	FALSE	FALSE	FALSE
CRC1412	FALSE	FALSE	FALSE
CRC1413	FALSE	FALSE	FALSE
CRC1414	FALSE	FALSE	FALSE
CRC1418	FALSE	FALSE	FALSE
CRC1419	FALSE	FALSE	FALSE
CRC1420	FALSE	FALSE	FALSE
CRC1426	FALSE	FALSE	FALSE
CRC1429	FALSE	FALSE	FALSE
CRC1430	TRUE	FALSE	FALSE
CRC1431	FALSE	FALSE	FALSE
CRC1432	TRUE	FALSE	FALSE
CRC1435	FALSE	FALSE	FALSE
CRC1436	FALSE	FALSE	FALSE
CRC1441	FALSE	FALSE	FALSE
CRC1442	FALSE	FALSE	FALSE
CRC1445	FALSE	FALSE	FALSE
CRC1446	FALSE	FALSE	FALSE
CRC1448	FALSE	FALSE	FALSE
CRC1449	FALSE	FALSE	FALSE
CRC1451	FALSE	FALSE	FALSE
CRC1452	FALSE	FALSE	FALSE
CRC1458	FALSE	FALSE	FALSE
CRC1460	FALSE	FALSE	FALSE
CRC1461	FALSE	FALSE	FALSE
CRC1464	FALSE	FALSE	FALSE
CRC1472	FALSE	FALSE	FALSE
CRC1473	FALSE	FALSE	FALSE
CRC1474	FALSE	FALSE	FALSE
CRC1477	FALSE	FALSE	FALSE
CRC1479	FALSE	FALSE	FALSE
CRC1483	FALSE	FALSE	FALSE
CRC1485	FALSE	FALSE	FALSE
CRC1486	FALSE	FALSE	FALSE
CRC1487	FALSE	FALSE	FALSE
CRC1489	FALSE	FALSE	FALSE
CRC1490	FALSE	FALSE	FALSE
CRC1492	FALSE	FALSE	FALSE
CRC1493	FALSE	FALSE	FALSE
CRC1499	FALSE	FALSE	FALSE
CRC1500	FALSE	FALSE	FALSE
CRC1501	FALSE	FALSE	FALSE
CRC1502	FALSE	FALSE	FALSE
CRC1504	FALSE	FALSE	FALSE
CRC1507	FALSE	FALSE	FALSE
CRC1508	FALSE	FALSE	FALSE
CRC1513	FALSE	FALSE	FALSE
CRC1515	FALSE	FALSE	FALSE
CRC1516	FALSE	FALSE	FALSE
CRC1519	FALSE	FALSE	FALSE
CRC1520	FALSE	FALSE	FALSE
CRC1521	FALSE	FALSE	FALSE
CRC1522	FALSE	FALSE	FALSE
CRC1523	FALSE	FALSE	FALSE
CRC1524	FALSE	FALSE	FALSE
CRC1529	FALSE	FALSE	FALSE
CRC1530	FALSE	FALSE	FALSE
CRC1531	FALSE	FALSE	FALSE
CRC1561	FALSE	FALSE	FALSE
CRC1562	FALSE	FALSE	FALSE
CRC1563	FALSE	FALSE	FALSE
CRC1565	FALSE	FALSE	FALSE
CRC1566	FALSE	FALSE	FALSE
CRC1567	FALSE	FALSE	FALSE
CRC1568	FALSE	FALSE	FALSE
CRC1569	FALSE	FALSE	FALSE
CRC1574	FALSE	FALSE	FALSE
CRC1575	FALSE	FALSE	FALSE
CRC1578	FALSE	FALSE	FALSE
CRC1579	FALSE	FALSE	FALSE
CRC1580	FALSE	FALSE	FALSE
CRC1581	FALSE	FALSE	FALSE
CRC1586	FALSE	FALSE	FALSE
CRC1587	FALSE	FALSE	FALSE
CRC1588	FALSE	FALSE	FALSE
CRC1589	FALSE	FALSE	FALSE
CRC1592	FALSE	FALSE	FALSE
CRC1594	FALSE	FALSE	FALSE
CRC1598	FALSE	FALSE	FALSE
CRC1599	FALSE	FALSE	FALSE
CRC1601	FALSE	FALSE	FALSE
CRC1603	FALSE	FALSE	FALSE
CRC1605	FALSE	FALSE	FALSE
CRC1606	FALSE	FALSE	FALSE
CRC1614	FALSE	FALSE	FALSE
CRC1615	FALSE	FALSE	FALSE
CRC1620	FALSE	FALSE	FALSE
CRC1621	FALSE	FALSE	FALSE
CRC1624	FALSE	FALSE	FALSE
CRC1625	FALSE	FALSE	FALSE
CRC1626	FALSE	FALSE	FALSE
CRC1628	FALSE	FALSE	FALSE
CRC1629	TRUE	FALSE	FALSE
CRC1633	FALSE	FALSE	FALSE
CRC1634	FALSE	FALSE	FALSE
CRC1641	FALSE	FALSE	FALSE
CRC1645	FALSE	FALSE	FALSE
CRC1647	FALSE	FALSE	FALSE
CRC1648	FALSE	FALSE	FALSE
CRC1650	FALSE	FALSE	FALSE
CRC1651	FALSE	FALSE	FALSE
CRC1653	FALSE	FALSE	FALSE
CRC1665	FALSE	FALSE	FALSE
CRC1671	FALSE	FALSE	FALSE
CRC1673	FALSE	FALSE	FALSE
CRC1675	FALSE	FALSE	FALSE
CRC1681	FALSE	FALSE	FALSE
CRC1684	FALSE	FALSE	FALSE
CRC1686	FALSE	FALSE	FALSE
CRC1687	FALSE	FALSE	FALSE
CRC1690	FALSE	FALSE	FALSE
CRC1693	FALSE	FALSE	FALSE
CRC1694	FALSE	FALSE	FALSE
CRC1709	FALSE	FALSE	FALSE
CRC1716	FALSE	FALSE	FALSE
CRC1720	FALSE	FALSE	FALSE
CRC1723	FALSE	FALSE	FALSE
CRC1729	FALSE	FALSE	FALSE
CRC1731	FALSE	FALSE	FALSE
CRC1732	FALSE	FALSE	FALSE
CRC1737	FALSE	FALSE	FALSE
CRC1738	FALSE	FALSE	FALSE
CRC1739	FALSE	FALSE	FALSE
CRC1744	FALSE	FALSE	FALSE
CRC1745	FALSE	FALSE	FALSE
CRC1746	FALSE	FALSE	FALSE
CRC1748	FALSE	FALSE	FALSE
CRC1750	FALSE	FALSE	FALSE
CRC1754	FALSE	FALSE	FALSE
CRC1757	FALSE	FALSE	FALSE
CRC1765	FALSE	FALSE	FALSE
CRC1770	FALSE	FALSE	FALSE
CRC1771	FALSE	FALSE	FALSE
CRC1772	FALSE	FALSE	FALSE
CRC1774	FALSE	FALSE	FALSE
CRC1779	FALSE	FALSE	FALSE
CRC1782	FALSE	FALSE	FALSE
CRC1784	FALSE	FALSE	FALSE
CRC1792	FALSE	FALSE	FALSE
CRC1794	FALSE	FALSE	FALSE
CRC1807	FALSE	FALSE	FALSE
CRC1811	FALSE	FALSE	FALSE
CRC1812	FALSE	FALSE	FALSE
CRC1813	FALSE	FALSE	FALSE
CRC1814	FALSE	FALSE	FALSE
CRC1815	FALSE	FALSE	FALSE
CRC1816	FALSE	FALSE	FALSE
CRC1817	FALSE	FALSE	FALSE
CRC1819	FALSE	FALSE	FALSE
CRC1823	FALSE	FALSE	FALSE
CRC1824	TRUE	FALSE	FALSE
CRC1825	FALSE	FALSE	FALSE
CRC1826	FALSE	FALSE	FALSE
CRC1837	FALSE	FALSE	FALSE
CRC1844	FALSE	FALSE	FALSE
CRC1848	FALSE	FALSE	FALSE
CRC1868	FALSE	FALSE	FALSE
CRC1870	FALSE	FALSE	FALSE
CRC1871	FALSE	FALSE	FALSE
CRC1874	FALSE	FALSE	FALSE
CRC1875	FALSE	FALSE	FALSE
CRC1876	FALSE	FALSE	FALSE
CRC1883	FALSE	FALSE	FALSE
CRC1885	FALSE	FALSE	FALSE
CRC1888	FALSE	FALSE	FALSE
CRC1889	FALSE	FALSE	FALSE
CRC1892	FALSE	FALSE	FALSE
CRC1893	FALSE	FALSE	FALSE
CRC1894	FALSE	FALSE	FALSE
CRC1895	FALSE	FALSE	FALSE
CRC1896	FALSE	FALSE	FALSE
CRC1897	FALSE	FALSE	FALSE
CRC1900	FALSE	FALSE	FALSE
CRC1901	FALSE	FALSE	FALSE
CRC1903	FALSE	FALSE	FALSE
CRC1904	FALSE	FALSE	FALSE
CRC1908	FALSE	FALSE	FALSE
CRC1912	FALSE	FALSE	FALSE
CRC1913	FALSE	FALSE	FALSE
CRC1914	FALSE	FALSE	FALSE
CRC1915	FALSE	FALSE	FALSE
CRC1916	FALSE	FALSE	FALSE
CRC1917	FALSE	FALSE	FALSE
CRC1918	FALSE	FALSE	FALSE
CRC1919	FALSE	FALSE	FALSE
CRC1921	FALSE	FALSE	FALSE
CRC1922	FALSE	FALSE	FALSE
CRC1928	FALSE	FALSE	FALSE
CRC1930	FALSE	FALSE	FALSE
CRC1946	FALSE	FALSE	FALSE
CRC1949	FALSE	FALSE	FALSE
CRC1951	FALSE	FALSE	FALSE
CRC1955	FALSE	FALSE	FALSE
CRC1961	FALSE	FALSE	FALSE
CRC1963	FALSE	FALSE	FALSE
CRC1969	FALSE	FALSE	FALSE
CRC1977	FALSE	FALSE	FALSE
CRC1978	FALSE	FALSE	FALSE
CRC1979	FALSE	FALSE	FALSE
CRC1982	FALSE	FALSE	FALSE
CRC1989	FALSE	FALSE	FALSE
CRC1990	FALSE	FALSE	FALSE
CRC2000	FALSE	FALSE	FALSE
CRC2022	FALSE	FALSE	FALSE
CRC2023	FALSE	FALSE	FALSE
CRC2026	FALSE	FALSE	FALSE
CRC2031	FALSE	FALSE	FALSE
CRC2036	FALSE	FALSE	FALSE
CRC2041	FALSE	FALSE	FALSE
CRC2044	FALSE	FALSE	FALSE
CRC2060	FALSE	FALSE	FALSE
CRC2069	FALSE	FALSE	FALSE
CRC2082	FALSE	FALSE	FALSE
CRC2083	FALSE	FALSE	FALSE
CRC2086	FALSE	FALSE	FALSE
CRC2095	FALSE	FALSE	FALSE
CRC2113	FALSE	FALSE	FALSE
CRC2127	FALSE	FALSE	FALSE
CRC2151	FALSE	FALSE	FALSE
CRC2153	FALSE	FALSE	FALSE
CRC2155	FALSE	FALSE	FALSE
CRC2163	FALSE	FALSE	FALSE
CRC2168	FALSE	FALSE	FALSE
CRC2180	FALSE	FALSE	FALSE
CRC2182	FALSE	FALSE	FALSE
CRC2183	FALSE	FALSE	FALSE
CRC2184	FALSE	FALSE	FALSE
CRC2185	FALSE	FALSE	FALSE
CRC2189	FALSE	FALSE	FALSE
CRC2207	FALSE	FALSE	FALSE
CRC2212	FALSE	FALSE	FALSE
CRC2235	FALSE	FALSE	FALSE
CRC2236	FALSE	FALSE	FALSE
CRC2241	FALSE	FALSE	FALSE
CRC2245	FALSE	FALSE	FALSE
CRC2247	FALSE	FALSE	FALSE
CRC2248	FALSE	FALSE	FALSE
CRC2252	FALSE	FALSE	FALSE
CRC2253	FALSE	FALSE	FALSE
CRC2268	FALSE	FALSE	FALSE
CRC2270	FALSE	FALSE	FALSE
CRC2279	FALSE	FALSE	FALSE
CRC2285	FALSE	FALSE	FALSE
CRC2298	FALSE	FALSE	FALSE
CRC2299	FALSE	FALSE	FALSE
CRC2307	FALSE	FALSE	FALSE
CRC2308	FALSE	FALSE	FALSE
CRC2310	FALSE	FALSE	FALSE
CRC2312	FALSE	FALSE	FALSE
CRC2313	FALSE	FALSE	FALSE
CRC2315	FALSE	FALSE	FALSE
CRC2333	FALSE	FALSE	FALSE
CRC2334	FALSE	FALSE	FALSE
CRC2335	FALSE	FALSE	FALSE
CRC2336	FALSE	FALSE	FALSE
CRC2338	FALSE	FALSE	FALSE
CRC2349	FALSE	FALSE	FALSE
CRC2350	FALSE	FALSE	FALSE
CRC2351	FALSE	FALSE	FALSE
CRC2352	FALSE	FALSE	FALSE
CRC2353	FALSE	FALSE	FALSE
CRC2354	FALSE	FALSE	FALSE
CRC2355	FALSE	FALSE	FALSE
CRC2356	FALSE	FALSE	FALSE
CRC2360	FALSE	FALSE	FALSE
CRC2361	FALSE	FALSE	FALSE
CRC2365	FALSE	FALSE	FALSE
CRC2367	FALSE	FALSE	FALSE
CRC2368	FALSE	FALSE	FALSE
CRC2370	FALSE	FALSE	FALSE
CRC2371	FALSE	FALSE	FALSE
CRC2377	FALSE	FALSE	FALSE
CRC2378	FALSE	FALSE	FALSE
CRC2379	FALSE	FALSE	FALSE
CRC2382	FALSE	FALSE	FALSE
CRC2384	FALSE	FALSE	FALSE
CRC2385	FALSE	FALSE	FALSE
CRC2387	FALSE	FALSE	FALSE
CRC2388	FALSE	FALSE	FALSE
CRC2390	FALSE	FALSE	FALSE
CRC2391	TRUE	FALSE	FALSE
CRC2392	TRUE	FALSE	FALSE
CRC2394	TRUE	FALSE	FALSE
CRC2400	FALSE	FALSE	FALSE
CRC2403	FALSE	FALSE	FALSE
CRC2404	FALSE	FALSE	FALSE
CRC2405	FALSE	FALSE	FALSE
CRC2406	FALSE	FALSE	FALSE
CRC2407	FALSE	FALSE	FALSE
CRC2408	FALSE	FALSE	FALSE
CRC2411	FALSE	FALSE	FALSE
CRC2412	FALSE	FALSE	FALSE
CRC2413	FALSE	FALSE	FALSE
CRC2420	FALSE	FALSE	FALSE
CRC2434	FALSE	FALSE	FALSE
CRC2435	FALSE	FALSE	FALSE
CRC2454	FALSE	FALSE	FALSE
CRC2457	FALSE	FALSE	FALSE
CRC2466	FALSE	FALSE	FALSE
CRC2467	FALSE	FALSE	FALSE
CRC2471	FALSE	FALSE	FALSE
CRC2477	FALSE	FALSE	FALSE
CRC2480	FALSE	FALSE	FALSE
CRC2486	FALSE	FALSE	FALSE
CRC2497	FALSE	FALSE	FALSE
CRC2498	FALSE	FALSE	FALSE
CRC2506	FALSE	FALSE	FALSE
CRC2509	FALSE	FALSE	FALSE
CRC2510	FALSE	FALSE	FALSE
CRC2515	FALSE	FALSE	FALSE
CRC2520	FALSE	FALSE	FALSE
CRC2525	FALSE	FALSE	FALSE
CRC2534	FALSE	FALSE	FALSE
CRC2544	FALSE	FALSE	FALSE
CRC2545	FALSE	FALSE	FALSE
CRC2546	FALSE	FALSE	FALSE
CRC2554	FALSE	FALSE	FALSE
CRC2559	FALSE	FALSE	FALSE
CRC2563	FALSE	FALSE	FALSE
CRC2564	FALSE	FALSE	FALSE
CRC2566	FALSE	FALSE	FALSE
CRC2567	FALSE	FALSE	FALSE
CRC2574	FALSE	FALSE	FALSE
CRC2576	FALSE	FALSE	FALSE
CRC2578	FALSE	FALSE	FALSE
CRC2583	FALSE	FALSE	FALSE
CRC2591	FALSE	FALSE	FALSE
CRC2595	FALSE	FALSE	FALSE
CRC2602	FALSE	FALSE	FALSE
CRC2604	FALSE	FALSE	FALSE
CRC2612	FALSE	FALSE	FALSE
CRC2621	FALSE	FALSE	FALSE
CRC2629	FALSE	FALSE	FALSE
CRC2646	FALSE	FALSE	FALSE
CRC0252	FALSE	FALSE	FALSE
CRC0316	FALSE	FALSE	FALSE
CRC0339	FALSE	FALSE	FALSE
CRC1619	FALSE	FALSE	FALSE
CRC2580	FALSE	FALSE	FALSE
CRC2603	FALSE	FALSE	FALSE
CRC2619	FALSE	FALSE	FALSE
CRC2623	FALSE	FALSE	FALSE
CRC2626	FALSE	FALSE	FALSE
CRC2627	FALSE	FALSE	FALSE
CRC2628	FALSE	FALSE	FALSE
CRC2643	FALSE	FALSE	FALSE
